{
  "desktop": {
    "cards": {
      "canvas/agent.qwen": {
        "x": 40,
        "y": 40,
        "w": 440,
        "h": 360,
        "z": 15
      },
      "canvas/voice.voice": {
        "x": 508,
        "y": 40,
        "w": 440,
        "h": 360,
        "z": 3
      },
      "canvas/hotdog-spec.md": {
        "x": 976,
        "y": 40,
        "w": 440,
        "h": 360,
        "z": 9
      },
      "canvas/hot-dog.gpu-monitor": {
        "x": 40,
        "y": 428,
        "w": 440,
        "h": 360,
        "z": 11
      },
      "canvas/hot-dog.gitrepo": {
        "x": 508,
        "y": 428,
        "w": 442.03558349609375,
        "h": 646.56103515625
      },
      "canvas/hotdog.hotdog": {
        "x": 976,
        "y": 428,
        "w": 439.4110107421875,
        "h": 646.46044921875,
        "z": 20
      }
    },
    "bounds": {
      "w": 2400,
      "h": 1274.63720703125
    }
  }
}